Category ID number,Course full name,peserta,Course URL
04,DESAIN GRAFIS MUDA,1,https://kursusdaring.kemendikdasmen.go.id/course/view.php?id=1034
04,Landing Page Sebagai Media Pembelajaran,1,https://kursusdaring.kemendikdasmen.go.id/course/view.php?id=2093
04,Pengembangan Media Pembelajaran Interaktif,1,https://kursusdaring.kemendikdasmen.go.id/course/view.php?id=2285
04,Responsive Web Design in Adobe XD,2,https://kursusdaring.kemendikdasmen.go.id/course/view.php?id=386
04,sandbox,2,https://kursusdaring.kemendikdasmen.go.id/course/view.php?id=751
05,Pilot Drone,1,https://kursusdaring.kemendikdasmen.go.id/course/view.php?id=887
05,Bimbingan Teknis Penyelengaraan Program PKK,16,https://kursusdaring.kemendikdasmen.go.id/course/view.php?id=838
05,Pengelolaan Kursusdaring,492,https://kursusdaring.kemendikdasmen.go.id/course/view.php?id=705
05,kursus latihan 2,3,https://kursusdaring.kemendikdasmen.go.id/course/view.php?id=699
05,kursus baru,2,https://kursusdaring.kemendikdasmen.go.id/course/view.php?id=549
05,kursus baru,2,https://kursusdaring.kemendikdasmen.go.id/course/view.php?id=407
05,kursus latihan,3,https://kursusdaring.kemendikdasmen.go.id/course/view.php?id=273
05,Interaktif Media Gelombang 2,2,https://kursusdaring.kemendikdasmen.go.id/course/view.php?id=2286
05,Kuasai Coreldraw dalam waktu singkat - Desain Grafis,2,https://kursusdaring.kemendikdasmen.go.id/course/view.php?id=2044
05,LKP Pesona Prima,1,https://kursusdaring.kemendikdasmen.go.id/course/view.php?id=1819
05,kursus baru,3,https://kursusdaring.kemendikdasmen.go.id/course/view.php?id=417
102,Jago Desain Logo dengan CorelDRAW Mulai dari Nol,3,https://kursusdaring.kemendikdasmen.go.id/course/view.php?id=424
115,kursus baru,2,https://kursusdaring.kemendikdasmen.go.id/course/view.php?id=437
124,kursus baru,2,https://kursusdaring.kemendikdasmen.go.id/course/view.php?id=446
138,kursus baru,2,https://kursusdaring.kemendikdasmen.go.id/course/view.php?id=467
189,kursus baru,2,https://kursusdaring.kemendikdasmen.go.id/course/view.php?id=517
2,Daily Makeup Online Class,1,https://kursusdaring.kemendikdasmen.go.id/course/view.php?id=1239
2,Teknik Dasar Menggunting Rambut,1,https://kursusdaring.kemendikdasmen.go.id/course/view.php?id=2
2,Tata Rias Pengantin Nusantara (Adat Padang),1,https://kursusdaring.kemendikdasmen.go.id/course/view.php?id=652
235,kursus baru,1,https://kursusdaring.kemendikdasmen.go.id/course/view.php?id=563
268,kursus baru,2,https://kursusdaring.kemendikdasmen.go.id/course/view.php?id=596
298,KURSUS SEPEDA MOTOR,1,https://kursusdaring.kemendikdasmen.go.id/course/view.php?id=626
337,kursus baru,2,https://kursusdaring.kemendikdasmen.go.id/course/view.php?id=669
375,LKP Mahakarya Citra Utama,2,https://kursusdaring.kemendikdasmen.go.id/course/view.php?id=714
420,kursus baru,2,https://kursusdaring.kemendikdasmen.go.id/course/view.php?id=806
424,English Mastery Course: Elevate Your Language Proficiency,2,https://kursusdaring.kemendikdasmen.go.id/course/view.php?id=812
425,Desain Web Jenjang IV,1,https://kursusdaring.kemendikdasmen.go.id/course/view.php?id=818
436,kursus baru,2,https://kursusdaring.kemendikdasmen.go.id/course/view.php?id=829
453,kursusbaru,2,https://kursusdaring.kemendikdasmen.go.id/course/view.php?id=855
457,kursusbaru,2,https://kursusdaring.kemendikdasmen.go.id/course/view.php?id=880
459,Desain Grafis Tingkat Muda T.A. 2025,1,https://kursusdaring.kemendikdasmen.go.id/course/view.php?id=884
461,Melaksanakan Master of Ceremony,2,https://kursusdaring.kemendikdasmen.go.id/course/view.php?id=1005
461,LKP Probest Professional Broadcasting School,2,https://kursusdaring.kemendikdasmen.go.id/course/view.php?id=1022
466,kursusbaru,2,https://kursusdaring.kemendikdasmen.go.id/course/view.php?id=842
471,MICROSOFT OFFICE,1,https://kursusdaring.kemendikdasmen.go.id/course/view.php?id=1041
476,kursusbaru LKP Lembaga Pendidikan Indonesia Amerika,2,https://kursusdaring.kemendikdasmen.go.id/course/view.php?id=1092
477,kursus baru Hello Class Deutsch,1,https://kursusdaring.kemendikdasmen.go.id/course/view.php?id=1093
493,LKP PRIMA DATA,1,https://kursusdaring.kemendikdasmen.go.id/course/view.php?id=1236
50,kursus baru,2,https://kursusdaring.kemendikdasmen.go.id/course/view.php?id=375
51,kursus baru,2,https://kursusdaring.kemendikdasmen.go.id/course/view.php?id=376
526-A,LK ERLIN ESTETIKA INTERNATIONAL INSTITUTE (DAFTAR PENERIMA GELAR CBAB),2,https://kursusdaring.kemendikdasmen.go.id/course/view.php?id=1620
526-A,LK ERLIN ESTETIKA INTERNATIONAL INSTITUTE (DAFTAR PENERIMA GELAR CPAB),2,https://kursusdaring.kemendikdasmen.go.id/course/view.php?id=1621
526-A,LK INTERNATIONAL INSTITUTE (Tata Kecantikan Kulit Level 3) PKK,2,https://kursusdaring.kemendikdasmen.go.id/course/view.php?id=1622
526-A,LK ERLIN ESTETIKA INTERNATIONAL INSTITUTE (DAFTAR PENERIMA GELAR CERT.ABT DAN DIPL.SP.BA),2,https://kursusdaring.kemendikdasmen.go.id/course/view.php?id=1623
526-B,Tata Kecantikan Rambut Level 4,2,https://kursusdaring.kemendikdasmen.go.id/course/view.php?id=1627
526-B,Tata Kecantikan Rambut Level 3,2,https://kursusdaring.kemendikdasmen.go.id/course/view.php?id=1626
526-B,Tata Kecantikan Rambut Level 2,2,https://kursusdaring.kemendikdasmen.go.id/course/view.php?id=1625
526-B,LK ERLIN ESTETIKA DAFTAR PENERIMA GELAR CERTIFIED BASIC AESTHETIC BEAUTICIAN  (CBAB),2,https://kursusdaring.kemendikdasmen.go.id/course/view.php?id=1624
526-C,Spa Level 1,2,https://kursusdaring.kemendikdasmen.go.id/course/view.php?id=1628
526-C,Spa Level 2,2,https://kursusdaring.kemendikdasmen.go.id/course/view.php?id=1629
526-C,Spa Level 3,2,https://kursusdaring.kemendikdasmen.go.id/course/view.php?id=1630
526-C,Spa Level 4,2,https://kursusdaring.kemendikdasmen.go.id/course/view.php?id=1631
526-C,Spa Level 5,2,https://kursusdaring.kemendikdasmen.go.id/course/view.php?id=1632
551,kursus baru,1,https://kursusdaring.kemendikdasmen.go.id/course/view.php?id=569
57,kursus baru,2,https://kursusdaring.kemendikdasmen.go.id/course/view.php?id=382
582,Tata Kencantikan LKP IMMA,2,https://kursusdaring.kemendikdasmen.go.id/course/view.php?id=2209
97,kursus baru,2,https://kursusdaring.kemendikdasmen.go.id/course/view.php?id=419
BT02-2026,Semarang 40,1,https://kursusdaring.kemendikdasmen.go.id/course/view.php?id=2208
BT02-2026,Semarang 23,1,https://kursusdaring.kemendikdasmen.go.id/course/view.php?id=2191
BT02-2026,Semarang 24,1,https://kursusdaring.kemendikdasmen.go.id/course/view.php?id=2192
BT02-2026,Semarang 25,1,https://kursusdaring.kemendikdasmen.go.id/course/view.php?id=2193
BT02-2026,Semarang 26,1,https://kursusdaring.kemendikdasmen.go.id/course/view.php?id=2194
BT02-2026,Semarang 27,1,https://kursusdaring.kemendikdasmen.go.id/course/view.php?id=2195
BT02-2026,Semarang 28,1,https://kursusdaring.kemendikdasmen.go.id/course/view.php?id=2196
BT02-2026,Semarang 29,1,https://kursusdaring.kemendikdasmen.go.id/course/view.php?id=2197
BT02-2026,Semarang 30,1,https://kursusdaring.kemendikdasmen.go.id/course/view.php?id=2198
BT02-2026,Semarang 31,1,https://kursusdaring.kemendikdasmen.go.id/course/view.php?id=2199
BT02-2026,Semarang 32,1,https://kursusdaring.kemendikdasmen.go.id/course/view.php?id=2200
BT02-2026,Semarang 33,1,https://kursusdaring.kemendikdasmen.go.id/course/view.php?id=2201
BT02-2026,Semarang 34,1,https://kursusdaring.kemendikdasmen.go.id/course/view.php?id=2202
BT02-2026,Semarang 35,1,https://kursusdaring.kemendikdasmen.go.id/course/view.php?id=2203
BT02-2026,Semarang 36,1,https://kursusdaring.kemendikdasmen.go.id/course/view.php?id=2204
BT02-2026,Semarang 37,1,https://kursusdaring.kemendikdasmen.go.id/course/view.php?id=2205
BT02-2026,Semarang 38,1,https://kursusdaring.kemendikdasmen.go.id/course/view.php?id=2206
BT02-2026,Semarang 39,1,https://kursusdaring.kemendikdasmen.go.id/course/view.php?id=2207
BT02-2026,Semarang 22,1,https://kursusdaring.kemendikdasmen.go.id/course/view.php?id=2190
BT02-2026,Semarang 21,1,https://kursusdaring.kemendikdasmen.go.id/course/view.php?id=2189
BT02-2026,Design Your Own Vibe – Kursus Jahit Daring dari Nol untuk Generasi Kreatif,1,https://kursusdaring.kemendikdasmen.go.id/course/view.php?id=2184
BT02-2026,Semarang 19,1,https://kursusdaring.kemendikdasmen.go.id/course/view.php?id=2187
BT02-2026,"Semarang 01,Teknik tata rias pengantin",1,https://kursusdaring.kemendikdasmen.go.id/course/view.php?id=2169
BT02-2026,Semarang 02,1,https://kursusdaring.kemendikdasmen.go.id/course/view.php?id=2170
BT02-2026,.,1,https://kursusdaring.kemendikdasmen.go.id/course/view.php?id=2171
BT02-2026,LKP SRI BUSANA KURSUS MENJAHIT,1,https://kursusdaring.kemendikdasmen.go.id/course/view.php?id=2172
BT02-2026,Semarang 05,1,https://kursusdaring.kemendikdasmen.go.id/course/view.php?id=2173
BT02-2026,Semarang 07.Roti Laris Manis: Belajar Baking Sekaligus Jualan,1,https://kursusdaring.kemendikdasmen.go.id/course/view.php?id=2175
BT02-2026,"Semarang 08, LKP Karya Abadi Menjahit Blouse",1,https://kursusdaring.kemendikdasmen.go.id/course/view.php?id=2176
BT02-2026,Semarang 09,1,https://kursusdaring.kemendikdasmen.go.id/course/view.php?id=2177
BT02-2026,Semarang 06 Kursus menjahit cepat,1,https://kursusdaring.kemendikdasmen.go.id/course/view.php?id=2174
BT02-2026,Dasar-Dasar Mengemudi Mobil Manual dan Matic,1,https://kursusdaring.kemendikdasmen.go.id/course/view.php?id=2179
BT02-2026,Tata Rias Pengantin,1,https://kursusdaring.kemendikdasmen.go.id/course/view.php?id=2178
BT02-2026,"Semarang 17, tata rias pengantin",1,https://kursusdaring.kemendikdasmen.go.id/course/view.php?id=2185
BT02-2026,Semarang 20,1,https://kursusdaring.kemendikdasmen.go.id/course/view.php?id=2188
BT02-2026,Semarang 15,1,https://kursusdaring.kemendikdasmen.go.id/course/view.php?id=2183
BT02-2026,Semarang 18,1,https://kursusdaring.kemendikdasmen.go.id/course/view.php?id=2186
BT02-2026,"Semarang 13, MEMBUAT BLUS WANITA",1,https://kursusdaring.kemendikdasmen.go.id/course/view.php?id=2181
BT02-2026,Semarang 12,1,https://kursusdaring.kemendikdasmen.go.id/course/view.php?id=2180
BT02-2026,Menjahit Celana Kolor,1,https://kursusdaring.kemendikdasmen.go.id/course/view.php?id=2182
BT03-2026,Tangerang 29,1,https://kursusdaring.kemendikdasmen.go.id/course/view.php?id=2249
BT03-2026,Tangerang 23,1,https://kursusdaring.kemendikdasmen.go.id/course/view.php?id=2243
BT03-2026,Tangerang 24,1,https://kursusdaring.kemendikdasmen.go.id/course/view.php?id=2244
BT03-2026,Tangerang 25,1,https://kursusdaring.kemendikdasmen.go.id/course/view.php?id=2245
BT03-2026,Tangerang 26,1,https://kursusdaring.kemendikdasmen.go.id/course/view.php?id=2246
BT03-2026,Tangerang 27,1,https://kursusdaring.kemendikdasmen.go.id/course/view.php?id=2247
BT03-2026,Tangerang 28,1,https://kursusdaring.kemendikdasmen.go.id/course/view.php?id=2248
BT03-2026,Tangerang 30,1,https://kursusdaring.kemendikdasmen.go.id/course/view.php?id=2250
BT03-2026,Tangerang 39,1,https://kursusdaring.kemendikdasmen.go.id/course/view.php?id=2259
BT03-2026,Tangerang 32,1,https://kursusdaring.kemendikdasmen.go.id/course/view.php?id=2252
BT03-2026,Tangerang 33,1,https://kursusdaring.kemendikdasmen.go.id/course/view.php?id=2253
BT03-2026,Tangerang 34,1,https://kursusdaring.kemendikdasmen.go.id/course/view.php?id=2254
BT03-2026,Tangerang 35,1,https://kursusdaring.kemendikdasmen.go.id/course/view.php?id=2255
BT03-2026,Tangerang 36,1,https://kursusdaring.kemendikdasmen.go.id/course/view.php?id=2256
BT03-2026,Tangerang 37,1,https://kursusdaring.kemendikdasmen.go.id/course/view.php?id=2257
BT03-2026,Tangerang 38,1,https://kursusdaring.kemendikdasmen.go.id/course/view.php?id=2258
BT03-2026,Tangerang 22,1,https://kursusdaring.kemendikdasmen.go.id/course/view.php?id=2242
BT03-2026,Data Scientist (Pemula),1,https://kursusdaring.kemendikdasmen.go.id/course/view.php?id=2260
BT03-2026,Tangerang 31,1,https://kursusdaring.kemendikdasmen.go.id/course/view.php?id=2251
BT03-2026,Tangerang 21,1,https://kursusdaring.kemendikdasmen.go.id/course/view.php?id=2241
BT03-2026,Tangerang 18,1,https://kursusdaring.kemendikdasmen.go.id/course/view.php?id=2238
BT03-2026,Tangerang 19,1,https://kursusdaring.kemendikdasmen.go.id/course/view.php?id=2239
BT03-2026,Tangerang 01,1,https://kursusdaring.kemendikdasmen.go.id/course/view.php?id=2221
BT03-2026,Tangerang 20,1,https://kursusdaring.kemendikdasmen.go.id/course/view.php?id=2240
BT03-2026,Tangerang 03,1,https://kursusdaring.kemendikdasmen.go.id/course/view.php?id=2223
BT03-2026,Tangerang 04,1,https://kursusdaring.kemendikdasmen.go.id/course/view.php?id=2224
BT03-2026,Tangerang 05,1,https://kursusdaring.kemendikdasmen.go.id/course/view.php?id=2225
BT03-2026,Tangerang 06,1,https://kursusdaring.kemendikdasmen.go.id/course/view.php?id=2226
BT03-2026,Tangerang 07,1,https://kursusdaring.kemendikdasmen.go.id/course/view.php?id=2227
BT03-2026,Tangerang 08,1,https://kursusdaring.kemendikdasmen.go.id/course/view.php?id=2228
BT03-2026,Tangerang 02,1,https://kursusdaring.kemendikdasmen.go.id/course/view.php?id=2222
BT03-2026,Tangerang 10,1,https://kursusdaring.kemendikdasmen.go.id/course/view.php?id=2230
BT03-2026,Tangerang 11,1,https://kursusdaring.kemendikdasmen.go.id/course/view.php?id=2231
BT03-2026,Tangerang 12,1,https://kursusdaring.kemendikdasmen.go.id/course/view.php?id=2232
BT03-2026,Tangerang 13,1,https://kursusdaring.kemendikdasmen.go.id/course/view.php?id=2233
BT03-2026,Tangerang 14,1,https://kursusdaring.kemendikdasmen.go.id/course/view.php?id=2234
BT03-2026,Tangerang 15,1,https://kursusdaring.kemendikdasmen.go.id/course/view.php?id=2235
BT03-2026,Tangerang 16,1,https://kursusdaring.kemendikdasmen.go.id/course/view.php?id=2236
BT03-2026,Tangerang 17,1,https://kursusdaring.kemendikdasmen.go.id/course/view.php?id=2237
BT03-2026,Tangerang 09,1,https://kursusdaring.kemendikdasmen.go.id/course/view.php?id=2229
K0562310x,kursus baru,2,https://kursusdaring.kemendikdasmen.go.id/course/view.php?id=564
K9997366,kursus baru,2,https://kursusdaring.kemendikdasmen.go.id/course/view.php?id=498
P1-2025,Bina Teknologi,1,https://kursusdaring.kemendikdasmen.go.id/course/view.php?id=1142
P1-2025,Excellent Course,1,https://kursusdaring.kemendikdasmen.go.id/course/view.php?id=1143
P1-2025,Bandung 18,1,https://kursusdaring.kemendikdasmen.go.id/course/view.php?id=1144
P1-2025,Bandung 19,1,https://kursusdaring.kemendikdasmen.go.id/course/view.php?id=1145
P1-2025,Bandung 20,1,https://kursusdaring.kemendikdasmen.go.id/course/view.php?id=1146
P1-2025,Bandung 25,1,https://kursusdaring.kemendikdasmen.go.id/course/view.php?id=1151
P1-2025,Bandung 22,1,https://kursusdaring.kemendikdasmen.go.id/course/view.php?id=1148
P1-2025,Bandung 23,1,https://kursusdaring.kemendikdasmen.go.id/course/view.php?id=1149
P1-2025,Bandung 24,1,https://kursusdaring.kemendikdasmen.go.id/course/view.php?id=1150
P1-2025,Bandung 15,1,https://kursusdaring.kemendikdasmen.go.id/course/view.php?id=1141
P1-2025,Bandung 21,1,https://kursusdaring.kemendikdasmen.go.id/course/view.php?id=1147
P1-2025,LKP SAMWA,1,https://kursusdaring.kemendikdasmen.go.id/course/view.php?id=1140
P1-2025,Bandung 00,1,https://kursusdaring.kemendikdasmen.go.id/course/view.php?id=1227
P1-2025,Bandung 12,1,https://kursusdaring.kemendikdasmen.go.id/course/view.php?id=1138
P1-2025,Bandung 01,1,https://kursusdaring.kemendikdasmen.go.id/course/view.php?id=1127
P1-2025,LKP Tallium (Kursus Komputer dan Elektronika,1,https://kursusdaring.kemendikdasmen.go.id/course/view.php?id=1128
P1-2025,LKP NOVITA,1,https://kursusdaring.kemendikdasmen.go.id/course/view.php?id=1129
P1-2025,English Young Generation,1,https://kursusdaring.kemendikdasmen.go.id/course/view.php?id=1130
P1-2025,Bandung 05,1,https://kursusdaring.kemendikdasmen.go.id/course/view.php?id=1131
P1-2025,Bandung 13,1,https://kursusdaring.kemendikdasmen.go.id/course/view.php?id=1139
P1-2025,Bandung 07,1,https://kursusdaring.kemendikdasmen.go.id/course/view.php?id=1133
P1-2025,Bandung 08,1,https://kursusdaring.kemendikdasmen.go.id/course/view.php?id=1134
P1-2025,Bandung 09,1,https://kursusdaring.kemendikdasmen.go.id/course/view.php?id=1135
P1-2025,LKP Padjadjaran Mitra Education Center,1,https://kursusdaring.kemendikdasmen.go.id/course/view.php?id=1136
P1-2025,Bandung 11,1,https://kursusdaring.kemendikdasmen.go.id/course/view.php?id=1137
P1-2025,Bandung 06,1,https://kursusdaring.kemendikdasmen.go.id/course/view.php?id=1132
P10-2025,Malang 15,1,https://kursusdaring.kemendikdasmen.go.id/course/view.php?id=1431
P10-2025,Malang 16,1,https://kursusdaring.kemendikdasmen.go.id/course/view.php?id=1432
P10-2025,Malang 17,1,https://kursusdaring.kemendikdasmen.go.id/course/view.php?id=1433
P10-2025,Malang 18,1,https://kursusdaring.kemendikdasmen.go.id/course/view.php?id=1434
P10-2025,Malang 19,1,https://kursusdaring.kemendikdasmen.go.id/course/view.php?id=1435
P10-2025,Malang 22,1,https://kursusdaring.kemendikdasmen.go.id/course/view.php?id=1438
P10-2025,Malang 21,1,https://kursusdaring.kemendikdasmen.go.id/course/view.php?id=1437
P10-2025,Malang 23,1,https://kursusdaring.kemendikdasmen.go.id/course/view.php?id=1439
P10-2025,Malang 24,1,https://kursusdaring.kemendikdasmen.go.id/course/view.php?id=1440
P10-2025,Tata Kecantikan Rambut,1,https://kursusdaring.kemendikdasmen.go.id/course/view.php?id=1430
P10-2025,Malang 20,1,https://kursusdaring.kemendikdasmen.go.id/course/view.php?id=1436
P10-2025,TATA RIAS PENGANTIN,1,https://kursusdaring.kemendikdasmen.go.id/course/view.php?id=1429
P10-2025,Operator Forklift Gudang,1,https://kursusdaring.kemendikdasmen.go.id/course/view.php?id=1441
P10-2025,Malang 11,1,https://kursusdaring.kemendikdasmen.go.id/course/view.php?id=1427
P10-2025,Desain Grafis untuk Pemula,1,https://kursusdaring.kemendikdasmen.go.id/course/view.php?id=1389
P10-2025,BELAJAR BAHASA KOREA DASAR,1,https://kursusdaring.kemendikdasmen.go.id/course/view.php?id=1417
P10-2025,Kursus Pemijatan Dasar,1,https://kursusdaring.kemendikdasmen.go.id/course/view.php?id=1418
P10-2025,PELATIHAN BARISTA,1,https://kursusdaring.kemendikdasmen.go.id/course/view.php?id=1419
P10-2025,MEMBUAT BAJU GAMIS,1,https://kursusdaring.kemendikdasmen.go.id/course/view.php?id=1420
P10-2025,TOEFL PREPARATION,1,https://kursusdaring.kemendikdasmen.go.id/course/view.php?id=1428
P10-2025,mengukur tubuh,1,https://kursusdaring.kemendikdasmen.go.id/course/view.php?id=1422
P10-2025,LKP GANESHA KEPANJEN,1,https://kursusdaring.kemendikdasmen.go.id/course/view.php?id=1423
P10-2025,BARISTA PROFESIONAL,1,https://kursusdaring.kemendikdasmen.go.id/course/view.php?id=1424
P10-2025,Kursus Digital Marketing,1,https://kursusdaring.kemendikdasmen.go.id/course/view.php?id=1425
P10-2025,Operator Forklift,1,https://kursusdaring.kemendikdasmen.go.id/course/view.php?id=1426
P10-2025,kursus public speaking,1,https://kursusdaring.kemendikdasmen.go.id/course/view.php?id=1421
P11-2025,Palembang 14,1,https://kursusdaring.kemendikdasmen.go.id/course/view.php?id=1455
P11-2025,Palembang 15,1,https://kursusdaring.kemendikdasmen.go.id/course/view.php?id=1456
P11-2025,Palembang 16,1,https://kursusdaring.kemendikdasmen.go.id/course/view.php?id=1457
P11-2025,Palembang 17,1,https://kursusdaring.kemendikdasmen.go.id/course/view.php?id=1458
P11-2025,Palembang 18,1,https://kursusdaring.kemendikdasmen.go.id/course/view.php?id=1459
P11-2025,Palembang 21,1,https://kursusdaring.kemendikdasmen.go.id/course/view.php?id=1462
P11-2025,Palembang 20,1,https://kursusdaring.kemendikdasmen.go.id/course/view.php?id=1461
P11-2025,Palembang 22,1,https://kursusdaring.kemendikdasmen.go.id/course/view.php?id=1463
P11-2025,Palembang 23,1,https://kursusdaring.kemendikdasmen.go.id/course/view.php?id=1464
P11-2025,Palembang 24,1,https://kursusdaring.kemendikdasmen.go.id/course/view.php?id=1465
P11-2025,Palembang 13,1,https://kursusdaring.kemendikdasmen.go.id/course/view.php?id=1454
P11-2025,Palembang 19,1,https://kursusdaring.kemendikdasmen.go.id/course/view.php?id=1460
P11-2025,Palembang 25,1,https://kursusdaring.kemendikdasmen.go.id/course/view.php?id=1466
P11-2025,Palembang 12,1,https://kursusdaring.kemendikdasmen.go.id/course/view.php?id=1453
P11-2025,Palembang 10,1,https://kursusdaring.kemendikdasmen.go.id/course/view.php?id=1451
P11-2025,Palembang 11,1,https://kursusdaring.kemendikdasmen.go.id/course/view.php?id=1452
P11-2025,Kekuatan Kebiasaan,1,https://kursusdaring.kemendikdasmen.go.id/course/view.php?id=1390
P11-2025,Palembang 01,1,https://kursusdaring.kemendikdasmen.go.id/course/view.php?id=1442
P11-2025,Palembang 03,1,https://kursusdaring.kemendikdasmen.go.id/course/view.php?id=1444
P11-2025,Palembang 04,1,https://kursusdaring.kemendikdasmen.go.id/course/view.php?id=1445
P11-2025,Palembang 02,1,https://kursusdaring.kemendikdasmen.go.id/course/view.php?id=1443
P11-2025,Palembang 06,1,https://kursusdaring.kemendikdasmen.go.id/course/view.php?id=1447
P11-2025,Palembang 07,1,https://kursusdaring.kemendikdasmen.go.id/course/view.php?id=1448
P11-2025,Palembang 08,1,https://kursusdaring.kemendikdasmen.go.id/course/view.php?id=1449
P11-2025,Palembang 09,1,https://kursusdaring.kemendikdasmen.go.id/course/view.php?id=1450
P11-2025,Palembang 05,1,https://kursusdaring.kemendikdasmen.go.id/course/view.php?id=1446
P12-2025,Makassar 18,1,https://kursusdaring.kemendikdasmen.go.id/course/view.php?id=1484
P12-2025,TATA KECANTIKAN RAMBUT,1,https://kursusdaring.kemendikdasmen.go.id/course/view.php?id=1481
P12-2025,Makassar 16,1,https://kursusdaring.kemendikdasmen.go.id/course/view.php?id=1482
P12-2025,Makassar 17,1,https://kursusdaring.kemendikdasmen.go.id/course/view.php?id=1483
P12-2025,Makassar 19,1,https://kursusdaring.kemendikdasmen.go.id/course/view.php?id=1485
P12-2025,TATA BUSANA,1,https://kursusdaring.kemendikdasmen.go.id/course/view.php?id=1480
P12-2025,Makassar 21,1,https://kursusdaring.kemendikdasmen.go.id/course/view.php?id=1487
P12-2025,Makassar 22,1,https://kursusdaring.kemendikdasmen.go.id/course/view.php?id=1488
P12-2025,Makassar 23,1,https://kursusdaring.kemendikdasmen.go.id/course/view.php?id=1489
P12-2025,Makassar 24,1,https://kursusdaring.kemendikdasmen.go.id/course/view.php?id=1490
P12-2025,Makassar 20,1,https://kursusdaring.kemendikdasmen.go.id/course/view.php?id=1486
P12-2025,Budidaya Rumput Laut,1,https://kursusdaring.kemendikdasmen.go.id/course/view.php?id=1479
P12-2025,Makassar 25,1,https://kursusdaring.kemendikdasmen.go.id/course/view.php?id=1491
P12-2025,tata rias kecantikan,1,https://kursusdaring.kemendikdasmen.go.id/course/view.php?id=1477
P12-2025,Makassar 00,1,https://kursusdaring.kemendikdasmen.go.id/course/view.php?id=1391
P12-2025,Makassar 01,1,https://kursusdaring.kemendikdasmen.go.id/course/view.php?id=1467
P12-2025,Tata Busana,1,https://kursusdaring.kemendikdasmen.go.id/course/view.php?id=1468
P12-2025,Makassar 03,1,https://kursusdaring.kemendikdasmen.go.id/course/view.php?id=1469
P12-2025,Makassar 04,1,https://kursusdaring.kemendikdasmen.go.id/course/view.php?id=1470
P12-2025,Makassar 12,1,https://kursusdaring.kemendikdasmen.go.id/course/view.php?id=1478
P12-2025,Pastry & Bakery,1,https://kursusdaring.kemendikdasmen.go.id/course/view.php?id=1472
P12-2025,TATA BUSANA,1,https://kursusdaring.kemendikdasmen.go.id/course/view.php?id=1473
P12-2025,Makassar 08,1,https://kursusdaring.kemendikdasmen.go.id/course/view.php?id=1474
P12-2025,Makassar 09,1,https://kursusdaring.kemendikdasmen.go.id/course/view.php?id=1475
P12-2025,Tata Rias Pengantin Bugis,1,https://kursusdaring.kemendikdasmen.go.id/course/view.php?id=1476
P12-2025,Makassar 05,1,https://kursusdaring.kemendikdasmen.go.id/course/view.php?id=1471
P14-2025,Pelatihan Dasar Aplikasi Perkantoran,1,https://kursusdaring.kemendikdasmen.go.id/course/view.php?id=1548
P17-2025,Kursus Program Dasar Perkantoran 1 Menit Langsung Bisa Rp50.000,1,https://kursusdaring.kemendikdasmen.go.id/course/view.php?id=1666
P17-2025,Kursus Tata Rias Pengantin Sasak Rp750.000,1,https://kursusdaring.kemendikdasmen.go.id/course/view.php?id=1665
P17-2025,Kecerdasan Artifisial Tingkat Pemula,1,https://kursusdaring.kemendikdasmen.go.id/course/view.php?id=1742
P17-2025,LKP AL FATH,1,https://kursusdaring.kemendikdasmen.go.id/course/view.php?id=1663
P17-2025,Lombok Timur 21,1,https://kursusdaring.kemendikdasmen.go.id/course/view.php?id=1662
P17-2025,Lombok Timur 20,1,https://kursusdaring.kemendikdasmen.go.id/course/view.php?id=1661
P17-2025,Lombok Timur 19,1,https://kursusdaring.kemendikdasmen.go.id/course/view.php?id=1660
P17-2025,Lombok Timur 18,1,https://kursusdaring.kemendikdasmen.go.id/course/view.php?id=1659
P17-2025,Lombok Timur 17,1,https://kursusdaring.kemendikdasmen.go.id/course/view.php?id=1658
P17-2025,Lombok Timur 16,1,https://kursusdaring.kemendikdasmen.go.id/course/view.php?id=1657
P17-2025,Lombok Timur 15,1,https://kursusdaring.kemendikdasmen.go.id/course/view.php?id=1656
P17-2025,LKP NIDA JAYA,1,https://kursusdaring.kemendikdasmen.go.id/course/view.php?id=1655
P17-2025,Lombok Timur 23,1,https://kursusdaring.kemendikdasmen.go.id/course/view.php?id=1664
P17-2025,Lombok Timur 13,1,https://kursusdaring.kemendikdasmen.go.id/course/view.php?id=1654
P17-2025,SKB Lombok Timur,1,https://kursusdaring.kemendikdasmen.go.id/course/view.php?id=1652
P17-2025,Lombok Timur 12,1,https://kursusdaring.kemendikdasmen.go.id/course/view.php?id=1653
P17-2025,Kursus Menjahit LKP Yunita,1,https://kursusdaring.kemendikdasmen.go.id/course/view.php?id=1642
P17-2025,KURSUS MENJAHIT LKP HILAL COLLECTION,1,https://kursusdaring.kemendikdasmen.go.id/course/view.php?id=1643
P17-2025,Lombok Timur 04,1,https://kursusdaring.kemendikdasmen.go.id/course/view.php?id=1645
P17-2025,LKP NTB BAROKAH,1,https://kursusdaring.kemendikdasmen.go.id/course/view.php?id=1646
P17-2025,TATA KECANTIKAN RAMBUT LKP YUSNITA,1,https://kursusdaring.kemendikdasmen.go.id/course/view.php?id=1644
P17-2025,LKP LPPM LESTARI,1,https://kursusdaring.kemendikdasmen.go.id/course/view.php?id=1648
P17-2025,Desain Grafis LKP MUMTAZ,1,https://kursusdaring.kemendikdasmen.go.id/course/view.php?id=1649
P17-2025,Lombok Timur 09,1,https://kursusdaring.kemendikdasmen.go.id/course/view.php?id=1650
P17-2025,LKP Cinderela,1,https://kursusdaring.kemendikdasmen.go.id/course/view.php?id=1651
P17-2025,Lombok Timur 06,1,https://kursusdaring.kemendikdasmen.go.id/course/view.php?id=1647
P18-2025,Tarakan 18,1,https://kursusdaring.kemendikdasmen.go.id/course/view.php?id=1684
P18-2025,Tarakan 15,1,https://kursusdaring.kemendikdasmen.go.id/course/view.php?id=1681
P18-2025,Tarakan 16,1,https://kursusdaring.kemendikdasmen.go.id/course/view.php?id=1682
P18-2025,Tarakan 17,1,https://kursusdaring.kemendikdasmen.go.id/course/view.php?id=1683
P18-2025,Tarakan 19,1,https://kursusdaring.kemendikdasmen.go.id/course/view.php?id=1685
P18-2025,Tarakan 25,1,https://kursusdaring.kemendikdasmen.go.id/course/view.php?id=1691
P18-2025,Tarakan 21,1,https://kursusdaring.kemendikdasmen.go.id/course/view.php?id=1687
P18-2025,Tarakan 22,1,https://kursusdaring.kemendikdasmen.go.id/course/view.php?id=1688
P18-2025,Tarakan 23,1,https://kursusdaring.kemendikdasmen.go.id/course/view.php?id=1689
P18-2025,Tarakan 24,1,https://kursusdaring.kemendikdasmen.go.id/course/view.php?id=1690
P18-2025,Latihan KursusDaring,1,https://kursusdaring.kemendikdasmen.go.id/course/view.php?id=1743
P18-2025,Tarakan 20,1,https://kursusdaring.kemendikdasmen.go.id/course/view.php?id=1686
P18-2025,Tarakan 14,1,https://kursusdaring.kemendikdasmen.go.id/course/view.php?id=1680
P18-2025,Kursus Menjahit,1,https://kursusdaring.kemendikdasmen.go.id/course/view.php?id=1678
P18-2025,Kursus membuat Boneka,1,https://kursusdaring.kemendikdasmen.go.id/course/view.php?id=1677
P18-2025,BUDIDAYA IKAN AIR TAWAR SISTEM BIOFLOK,3,https://kursusdaring.kemendikdasmen.go.id/course/view.php?id=1667
P18-2025,Contextual Teaching and Learning,1,https://kursusdaring.kemendikdasmen.go.id/course/view.php?id=1668
P18-2025,Latihan Mengemudi,1,https://kursusdaring.kemendikdasmen.go.id/course/view.php?id=1669
P18-2025,LKP Bina Bangsa,1,https://kursusdaring.kemendikdasmen.go.id/course/view.php?id=1670
P18-2025,LKP IELC,1,https://kursusdaring.kemendikdasmen.go.id/course/view.php?id=1671
P18-2025,Tarakan 13,1,https://kursusdaring.kemendikdasmen.go.id/course/view.php?id=1679
P18-2025,kursus kecantikan,1,https://kursusdaring.kemendikdasmen.go.id/course/view.php?id=1673
P18-2025,Tarakan 08,1,https://kursusdaring.kemendikdasmen.go.id/course/view.php?id=1674
P18-2025,Tarakan 09,1,https://kursusdaring.kemendikdasmen.go.id/course/view.php?id=1675
P18-2025,Tarakan 10,1,https://kursusdaring.kemendikdasmen.go.id/course/view.php?id=1676
P18-2025,KURSUS BAHASA INGGRIS,1,https://kursusdaring.kemendikdasmen.go.id/course/view.php?id=1672
P19-2025,SPA Therapist Pemula,1,https://kursusdaring.kemendikdasmen.go.id/course/view.php?id=1706
P19-2025,Kupang 16,1,https://kursusdaring.kemendikdasmen.go.id/course/view.php?id=1707
P19-2025,Kupang 17  LKP Salon Rinny,1,https://kursusdaring.kemendikdasmen.go.id/course/view.php?id=1708
P19-2025,Kupang 18,1,https://kursusdaring.kemendikdasmen.go.id/course/view.php?id=1709
P19-2025,Roti dan Kue,1,https://kursusdaring.kemendikdasmen.go.id/course/view.php?id=1710
P19-2025,Microsoft Word 2019,1,https://kursusdaring.kemendikdasmen.go.id/course/view.php?id=1713
P19-2025,Tata Rias Pengantin,1,https://kursusdaring.kemendikdasmen.go.id/course/view.php?id=1712
P19-2025,KURSUS MENJAHIT JUNIOR,1,https://kursusdaring.kemendikdasmen.go.id/course/view.php?id=1714
P19-2025,corel,1,https://kursusdaring.kemendikdasmen.go.id/course/view.php?id=1715
P19-2025,Kupang 14,1,https://kursusdaring.kemendikdasmen.go.id/course/view.php?id=1705
P19-2025,Desain Pemula,1,https://kursusdaring.kemendikdasmen.go.id/course/view.php?id=1744
P19-2025,Kupang 21,1,https://kursusdaring.kemendikdasmen.go.id/course/view.php?id=1711
P19-2025,Kupang 19,1,https://kursusdaring.kemendikdasmen.go.id/course/view.php?id=1716
P19-2025,MUTIS MULTI PERDANA,1,https://kursusdaring.kemendikdasmen.go.id/course/view.php?id=1704
P19-2025,Kupang 11,1,https://kursusdaring.kemendikdasmen.go.id/course/view.php?id=1702
P19-2025,LKP LP3I College Kupang,1,https://kursusdaring.kemendikdasmen.go.id/course/view.php?id=1703
P19-2025,Junior Hairstylist,1,https://kursusdaring.kemendikdasmen.go.id/course/view.php?id=1692
P19-2025,Microsoft Excel,1,https://kursusdaring.kemendikdasmen.go.id/course/view.php?id=1693
P19-2025,Kupang 04,1,https://kursusdaring.kemendikdasmen.go.id/course/view.php?id=1695
P19-2025,Kursus Komputer Dasar,1,https://kursusdaring.kemendikdasmen.go.id/course/view.php?id=1696
P19-2025,LKP CITRA BUANA,1,https://kursusdaring.kemendikdasmen.go.id/course/view.php?id=1694
P19-2025,Tata kecantikan kulit,1,https://kursusdaring.kemendikdasmen.go.id/course/view.php?id=1698
P19-2025,Digital Marketing Eden,1,https://kursusdaring.kemendikdasmen.go.id/course/view.php?id=1699
P19-2025,pengenalan pola dasar rok,1,https://kursusdaring.kemendikdasmen.go.id/course/view.php?id=1700
P19-2025,Creambath,1,https://kursusdaring.kemendikdasmen.go.id/course/view.php?id=1701
P19-2025,Kupang 06,1,https://kursusdaring.kemendikdasmen.go.id/course/view.php?id=1697
P2-2025,Lampung 19,1,https://kursusdaring.kemendikdasmen.go.id/course/view.php?id=1170
P2-2025,Lampung 16,1,https://kursusdaring.kemendikdasmen.go.id/course/view.php?id=1167
P2-2025,Lampung 17,1,https://kursusdaring.kemendikdasmen.go.id/course/view.php?id=1168
P2-2025,Lampung 18,1,https://kursusdaring.kemendikdasmen.go.id/course/view.php?id=1169
P2-2025,Lampung 20,1,https://kursusdaring.kemendikdasmen.go.id/course/view.php?id=1171
P2-2025,Practical Office Advance,1,https://kursusdaring.kemendikdasmen.go.id/course/view.php?id=1166
P2-2025,Lampung 22,1,https://kursusdaring.kemendikdasmen.go.id/course/view.php?id=1173
P2-2025,Lampung 23,1,https://kursusdaring.kemendikdasmen.go.id/course/view.php?id=1174
P2-2025,Lampung 24,1,https://kursusdaring.kemendikdasmen.go.id/course/view.php?id=1175
P2-2025,Pengolahan Limbah Nuklir,1,https://kursusdaring.kemendikdasmen.go.id/course/view.php?id=1228
P2-2025,Lampung 21,1,https://kursusdaring.kemendikdasmen.go.id/course/view.php?id=1172
P2-2025,Digital Marketing,1,https://kursusdaring.kemendikdasmen.go.id/course/view.php?id=1165
P2-2025,Lampung 25,1,https://kursusdaring.kemendikdasmen.go.id/course/view.php?id=1176
P2-2025,10 JAM MAHIR EXCEL,1,https://kursusdaring.kemendikdasmen.go.id/course/view.php?id=1163
P2-2025,LKP ACC DIGITAL,1,https://kursusdaring.kemendikdasmen.go.id/course/view.php?id=1164
P2-2025,KOMPUTER APLIKASI PERKANTORAN,1,https://kursusdaring.kemendikdasmen.go.id/course/view.php?id=1153
P2-2025,Aplikasi Perkantoran,1,https://kursusdaring.kemendikdasmen.go.id/course/view.php?id=1154
P2-2025,Lampung 04,1,https://kursusdaring.kemendikdasmen.go.id/course/view.php?id=1155
P2-2025,KOMPUTER APLIKASI DISEGN GRAFIS,1,https://kursusdaring.kemendikdasmen.go.id/course/view.php?id=1156
P2-2025,Mudah Membuat Flayer Dengan Corel Draw,1,https://kursusdaring.kemendikdasmen.go.id/course/view.php?id=1152
P2-2025,English for Hotel,1,https://kursusdaring.kemendikdasmen.go.id/course/view.php?id=1158
P2-2025,Tata Rias Pengantin Gaun Panjang,1,https://kursusdaring.kemendikdasmen.go.id/course/view.php?id=1159
P2-2025,lkp gama,1,https://kursusdaring.kemendikdasmen.go.id/course/view.php?id=1160
P2-2025,LKP Smart English Course,1,https://kursusdaring.kemendikdasmen.go.id/course/view.php?id=1161
P2-2025,LKP tata rias,1,https://kursusdaring.kemendikdasmen.go.id/course/view.php?id=1162
P2-2025,TATA BUSANA LKP MITRA JAYA,1,https://kursusdaring.kemendikdasmen.go.id/course/view.php?id=1157
P20-2025,Wonosobo 17,1,https://kursusdaring.kemendikdasmen.go.id/course/view.php?id=1733
P20-2025,Wonosobo 18,1,https://kursusdaring.kemendikdasmen.go.id/course/view.php?id=1734
P20-2025,Wonosobo 20,1,https://kursusdaring.kemendikdasmen.go.id/course/view.php?id=1735
P20-2025,Wonosobo 21,1,https://kursusdaring.kemendikdasmen.go.id/course/view.php?id=1736
P20-2025,Wonosobo 22,1,https://kursusdaring.kemendikdasmen.go.id/course/view.php?id=1737
P20-2025,Wonosobo 25,1,https://kursusdaring.kemendikdasmen.go.id/course/view.php?id=1740
P20-2025,pengasuhan anak,1,https://kursusdaring.kemendikdasmen.go.id/course/view.php?id=1739
P20-2025,Wonosobo 19,1,https://kursusdaring.kemendikdasmen.go.id/course/view.php?id=1741
P20-2025,Kursus Aplikasi Kantor,1,https://kursusdaring.kemendikdasmen.go.id/course/view.php?id=1745
P20-2025,Wonosobo 15,1,https://kursusdaring.kemendikdasmen.go.id/course/view.php?id=1731
P20-2025,Wonosobo 23,1,https://kursusdaring.kemendikdasmen.go.id/course/view.php?id=1738
P20-2025,Wonosobo 14,1,https://kursusdaring.kemendikdasmen.go.id/course/view.php?id=1730
P20-2025,Wonosobo 16,1,https://kursusdaring.kemendikdasmen.go.id/course/view.php?id=1732
P20-2025,Wonosobo 12,1,https://kursusdaring.kemendikdasmen.go.id/course/view.php?id=1728
P20-2025,Wonosobo 13,1,https://kursusdaring.kemendikdasmen.go.id/course/view.php?id=1729
P20-2025,Mengatur Kertas Pada Word,1,https://kursusdaring.kemendikdasmen.go.id/course/view.php?id=1717
P20-2025,Penggunakan Fungsi IF pada Ms Excel,1,https://kursusdaring.kemendikdasmen.go.id/course/view.php?id=1718
P20-2025,Wonosobo 04,1,https://kursusdaring.kemendikdasmen.go.id/course/view.php?id=1720
P20-2025,Bahasa Inggris Front Office Hotel,1,https://kursusdaring.kemendikdasmen.go.id/course/view.php?id=1721
P20-2025,Bahasa Inggris,1,https://kursusdaring.kemendikdasmen.go.id/course/view.php?id=1722
P20-2025,Kursus Menjahit Dasar,1,https://kursusdaring.kemendikdasmen.go.id/course/view.php?id=1719
P20-2025,Wonosobo 08,1,https://kursusdaring.kemendikdasmen.go.id/course/view.php?id=1724
P20-2025,Wonosobo 09,1,https://kursusdaring.kemendikdasmen.go.id/course/view.php?id=1725
P20-2025,Wonosobo 10,1,https://kursusdaring.kemendikdasmen.go.id/course/view.php?id=1726
P20-2025,Wonosobo 11,1,https://kursusdaring.kemendikdasmen.go.id/course/view.php?id=1727
P20-2025,Membuat Donat Empuk Anti Gagal,1,https://kursusdaring.kemendikdasmen.go.id/course/view.php?id=1723
P25-2025,Surabaya 26,1,https://kursusdaring.kemendikdasmen.go.id/course/view.php?id=1901
P25-2025,Kursus Merangkai Bunga,1,https://kursusdaring.kemendikdasmen.go.id/course/view.php?id=1895
P25-2025,Surabaya 21,1,https://kursusdaring.kemendikdasmen.go.id/course/view.php?id=1896
P25-2025,Surabaya 22,1,https://kursusdaring.kemendikdasmen.go.id/course/view.php?id=1897
P25-2025,Surabaya 23,1,https://kursusdaring.kemendikdasmen.go.id/course/view.php?id=1898
P25-2025,Surabaya 24,1,https://kursusdaring.kemendikdasmen.go.id/course/view.php?id=1899
P25-2025,Surabaya 25,1,https://kursusdaring.kemendikdasmen.go.id/course/view.php?id=1900
P25-2025,Surabaya 27,1,https://kursusdaring.kemendikdasmen.go.id/course/view.php?id=1902
P25-2025,Surabaya 33,1,https://kursusdaring.kemendikdasmen.go.id/course/view.php?id=1908
P25-2025,Surabaya 29,1,https://kursusdaring.kemendikdasmen.go.id/course/view.php?id=1904
P25-2025,Surabaya 30,1,https://kursusdaring.kemendikdasmen.go.id/course/view.php?id=1905
P25-2025,Surabaya 31,1,https://kursusdaring.kemendikdasmen.go.id/course/view.php?id=1906
P25-2025,Surabaya 32,1,https://kursusdaring.kemendikdasmen.go.id/course/view.php?id=1907
P25-2025,Surabaya 34,1,https://kursusdaring.kemendikdasmen.go.id/course/view.php?id=1909
P25-2025,Surabaya 35,1,https://kursusdaring.kemendikdasmen.go.id/course/view.php?id=1910
P25-2025,Surabaya 19,1,https://kursusdaring.kemendikdasmen.go.id/course/view.php?id=1894
P25-2025,Surabaya 28,1,https://kursusdaring.kemendikdasmen.go.id/course/view.php?id=1903
P25-2025,Surabaya 18,1,https://kursusdaring.kemendikdasmen.go.id/course/view.php?id=1893
P25-2025,Pengelasan SMAW 1G (Pemula),1,https://kursusdaring.kemendikdasmen.go.id/course/view.php?id=1882
P25-2025,Surabaya 16,1,https://kursusdaring.kemendikdasmen.go.id/course/view.php?id=1891
P25-2025,Surabaya 17,1,https://kursusdaring.kemendikdasmen.go.id/course/view.php?id=1892
P25-2025,Kursus APP Kantor 2025,1,https://kursusdaring.kemendikdasmen.go.id/course/view.php?id=1872
P25-2025,Kursus Kecantikan Kulit tingkat Yunior,1,https://kursusdaring.kemendikdasmen.go.id/course/view.php?id=1876
P25-2025,Aplikasi Perkantoran,2,https://kursusdaring.kemendikdasmen.go.id/course/view.php?id=1877
P25-2025,Digital Marketing,1,https://kursusdaring.kemendikdasmen.go.id/course/view.php?id=1878
P25-2025,Kursus Public Speaking,1,https://kursusdaring.kemendikdasmen.go.id/course/view.php?id=1880
P25-2025,Business Management,1,https://kursusdaring.kemendikdasmen.go.id/course/view.php?id=1881
P25-2025,Surabaya 04,1,https://kursusdaring.kemendikdasmen.go.id/course/view.php?id=1879
P25-2025,Aplikasi Perkantoran,1,https://kursusdaring.kemendikdasmen.go.id/course/view.php?id=1884
P25-2025,APLIKASI PERKANTORAN,1,https://kursusdaring.kemendikdasmen.go.id/course/view.php?id=1885
P25-2025,Desain Grafis,1,https://kursusdaring.kemendikdasmen.go.id/course/view.php?id=1886
P25-2025,Barista 1,1,https://kursusdaring.kemendikdasmen.go.id/course/view.php?id=1887
P25-2025,Surabaya 13,1,https://kursusdaring.kemendikdasmen.go.id/course/view.php?id=1888
P25-2025,Surabaya 14,1,https://kursusdaring.kemendikdasmen.go.id/course/view.php?id=1889
P25-2025,Surabaya 15,1,https://kursusdaring.kemendikdasmen.go.id/course/view.php?id=1890
P25-2025,Office Muda,1,https://kursusdaring.kemendikdasmen.go.id/course/view.php?id=1883
P26-2025,Grammar 1 Intermediate,1,https://kursusdaring.kemendikdasmen.go.id/course/view.php?id=1930
P26-2025,Kediri 26,1,https://kursusdaring.kemendikdasmen.go.id/course/view.php?id=1936
P26-2025,Grammar 1,1,https://kursusdaring.kemendikdasmen.go.id/course/view.php?id=1931
P26-2025,Kediri 22,1,https://kursusdaring.kemendikdasmen.go.id/course/view.php?id=1932
P26-2025,Kediri 23,1,https://kursusdaring.kemendikdasmen.go.id/course/view.php?id=1933
P26-2025,Kediri 24,1,https://kursusdaring.kemendikdasmen.go.id/course/view.php?id=1934
P26-2025,Pelatihan MUA Pemula,1,https://kursusdaring.kemendikdasmen.go.id/course/view.php?id=1935
P26-2025,Kediri 27,1,https://kursusdaring.kemendikdasmen.go.id/course/view.php?id=1937
P26-2025,Kursus Sourdough,1,https://kursusdaring.kemendikdasmen.go.id/course/view.php?id=1945
P26-2025,Kediri 29,1,https://kursusdaring.kemendikdasmen.go.id/course/view.php?id=1939
P26-2025,LANGUAGE ACADEMY,1,https://kursusdaring.kemendikdasmen.go.id/course/view.php?id=1940
P26-2025,Kediri 31,1,https://kursusdaring.kemendikdasmen.go.id/course/view.php?id=1941
P26-2025,Kediri 32,1,https://kursusdaring.kemendikdasmen.go.id/course/view.php?id=1942
P26-2025,Kediri 33,1,https://kursusdaring.kemendikdasmen.go.id/course/view.php?id=1943
P26-2025,Kediri 34,1,https://kursusdaring.kemendikdasmen.go.id/course/view.php?id=1944
P26-2025,Jasa Usaha Makanan,1,https://kursusdaring.kemendikdasmen.go.id/course/view.php?id=1929
P26-2025,Kediri 28,1,https://kursusdaring.kemendikdasmen.go.id/course/view.php?id=1938
P26-2025,Kediri 18,1,https://kursusdaring.kemendikdasmen.go.id/course/view.php?id=1928
P26-2025,Riyadi Digital Creative,1,https://kursusdaring.kemendikdasmen.go.id/course/view.php?id=1916
P26-2025,Pelatihan Barista,1,https://kursusdaring.kemendikdasmen.go.id/course/view.php?id=1926
P26-2025,KURSUS  PEMBUATAN POLA DRESS,1,https://kursusdaring.kemendikdasmen.go.id/course/view.php?id=1911
P26-2025,Kursus Membuat Surat  dinas Sederhana,1,https://kursusdaring.kemendikdasmen.go.id/course/view.php?id=1912
P26-2025,Kediri 03,1,https://kursusdaring.kemendikdasmen.go.id/course/view.php?id=1913
P26-2025,Mengenal Dasar Design Busana,1,https://kursusdaring.kemendikdasmen.go.id/course/view.php?id=1914
P26-2025,Speaking Mastery 1 Month,1,https://kursusdaring.kemendikdasmen.go.id/course/view.php?id=1915
P26-2025,KURSUS BAHASA INGGRIS FOR KIDS,1,https://kursusdaring.kemendikdasmen.go.id/course/view.php?id=1917
P26-2025,Kediri 08,1,https://kursusdaring.kemendikdasmen.go.id/course/view.php?id=1918
P26-2025,Kursus Membuat Desain Cetak Undangan,1,https://kursusdaring.kemendikdasmen.go.id/course/view.php?id=1873
P26-2025,General Vocabulary,1,https://kursusdaring.kemendikdasmen.go.id/course/view.php?id=1920
P26-2025,grammar,1,https://kursusdaring.kemendikdasmen.go.id/course/view.php?id=1919
P26-2025,Kediri 15,1,https://kursusdaring.kemendikdasmen.go.id/course/view.php?id=1925
P26-2025,kursus online bahasa inggris,1,https://kursusdaring.kemendikdasmen.go.id/course/view.php?id=1924
P26-2025,Training of Trainer,1,https://kursusdaring.kemendikdasmen.go.id/course/view.php?id=1927
P26-2025,Kursus EXCEL,1,https://kursusdaring.kemendikdasmen.go.id/course/view.php?id=1922
P26-2025,Belajar bahasa korea,1,https://kursusdaring.kemendikdasmen.go.id/course/view.php?id=1921
P26-2025,Belajar Grammar Basic,1,https://kursusdaring.kemendikdasmen.go.id/course/view.php?id=1923
P27-2025,Cianjur 20,1,https://kursusdaring.kemendikdasmen.go.id/course/view.php?id=1965
P27-2025,Cianjur 21,1,https://kursusdaring.kemendikdasmen.go.id/course/view.php?id=1966
P27-2025,Cianjur 22,1,https://kursusdaring.kemendikdasmen.go.id/course/view.php?id=1967
P27-2025,Cianjur 23,1,https://kursusdaring.kemendikdasmen.go.id/course/view.php?id=1968
P27-2025,Cianjur 24,1,https://kursusdaring.kemendikdasmen.go.id/course/view.php?id=1969
P27-2025,Cianjur 25,12,https://kursusdaring.kemendikdasmen.go.id/course/view.php?id=1970
P27-2025,Cianjur 26,1,https://kursusdaring.kemendikdasmen.go.id/course/view.php?id=1971
P27-2025,Cianjur 28,1,https://kursusdaring.kemendikdasmen.go.id/course/view.php?id=1973
P27-2025,Cianjur 29,1,https://kursusdaring.kemendikdasmen.go.id/course/view.php?id=1974
P27-2025,Cianjur 35,1,https://kursusdaring.kemendikdasmen.go.id/course/view.php?id=1980
P27-2025,Cianjur 31,1,https://kursusdaring.kemendikdasmen.go.id/course/view.php?id=1976
P27-2025,Cianjur 32,1,https://kursusdaring.kemendikdasmen.go.id/course/view.php?id=1977
P27-2025,Cianjur 33,1,https://kursusdaring.kemendikdasmen.go.id/course/view.php?id=1978
P27-2025,Cianjur 34,1,https://kursusdaring.kemendikdasmen.go.id/course/view.php?id=1979
P27-2025,Cianjur 19,1,https://kursusdaring.kemendikdasmen.go.id/course/view.php?id=1964
P27-2025,Cianjur 27,1,https://kursusdaring.kemendikdasmen.go.id/course/view.php?id=1972
P27-2025,Cianjur 30,1,https://kursusdaring.kemendikdasmen.go.id/course/view.php?id=1975
P27-2025,Cianjur 17,1,https://kursusdaring.kemendikdasmen.go.id/course/view.php?id=1962
P27-2025,Cianjur 15,1,https://kursusdaring.kemendikdasmen.go.id/course/view.php?id=1960
P27-2025,Cianjur 16,1,https://kursusdaring.kemendikdasmen.go.id/course/view.php?id=1961
P27-2025,Desain Grafis Cianjur xx,1,https://kursusdaring.kemendikdasmen.go.id/course/view.php?id=1874
P27-2025,Barista Cianjur 01,1,https://kursusdaring.kemendikdasmen.go.id/course/view.php?id=1946
P27-2025,Desain Grafis Cianjur 02,1,https://kursusdaring.kemendikdasmen.go.id/course/view.php?id=1947
P27-2025,Cianjur 03Tata Busana,1,https://kursusdaring.kemendikdasmen.go.id/course/view.php?id=1948
P27-2025,Seni Mernagkai Bunga dan Desain Floral,1,https://kursusdaring.kemendikdasmen.go.id/course/view.php?id=1950
P27-2025,Cianjur 06,1,https://kursusdaring.kemendikdasmen.go.id/course/view.php?id=1951
P27-2025,Cianjur 04 - Design Grafis,1,https://kursusdaring.kemendikdasmen.go.id/course/view.php?id=1949
P27-2025,Cianjur 08,1,https://kursusdaring.kemendikdasmen.go.id/course/view.php?id=1953
P27-2025,Cianjur 09 Teknik Menjahit,1,https://kursusdaring.kemendikdasmen.go.id/course/view.php?id=1954
P27-2025,Cianjur 10,1,https://kursusdaring.kemendikdasmen.go.id/course/view.php?id=1955
P27-2025,Cianjur 11,1,https://kursusdaring.kemendikdasmen.go.id/course/view.php?id=1956
P27-2025,Cianjur 12,1,https://kursusdaring.kemendikdasmen.go.id/course/view.php?id=1957
P27-2025,Cianjur 13,1,https://kursusdaring.kemendikdasmen.go.id/course/view.php?id=1958
P27-2025,Cianjur 14,1,https://kursusdaring.kemendikdasmen.go.id/course/view.php?id=1959
P27-2025,Cianjur 07,1,https://kursusdaring.kemendikdasmen.go.id/course/view.php?id=1952
P28-2025,Demak 25,1,https://kursusdaring.kemendikdasmen.go.id/course/view.php?id=2005
P28-2025,Demak 20,1,https://kursusdaring.kemendikdasmen.go.id/course/view.php?id=2000
P28-2025,Demak 21,1,https://kursusdaring.kemendikdasmen.go.id/course/view.php?id=2001
P28-2025,Demak 22,1,https://kursusdaring.kemendikdasmen.go.id/course/view.php?id=2002
P28-2025,Demak 23,1,https://kursusdaring.kemendikdasmen.go.id/course/view.php?id=2003
P28-2025,Demak 24,1,https://kursusdaring.kemendikdasmen.go.id/course/view.php?id=2004
P28-2025,Demak 26,1,https://kursusdaring.kemendikdasmen.go.id/course/view.php?id=2006
P28-2025,Demak 19,1,https://kursusdaring.kemendikdasmen.go.id/course/view.php?id=1999
P28-2025,Demak 28,1,https://kursusdaring.kemendikdasmen.go.id/course/view.php?id=2008
P28-2025,Demak 29,1,https://kursusdaring.kemendikdasmen.go.id/course/view.php?id=2009
P28-2025,Demak 30,1,https://kursusdaring.kemendikdasmen.go.id/course/view.php?id=2010
P28-2025,Demak 31,1,https://kursusdaring.kemendikdasmen.go.id/course/view.php?id=2011
P28-2025,Demak 32,1,https://kursusdaring.kemendikdasmen.go.id/course/view.php?id=2012
P28-2025,Demak 33,1,https://kursusdaring.kemendikdasmen.go.id/course/view.php?id=2013
P28-2025,Demak 34,1,https://kursusdaring.kemendikdasmen.go.id/course/view.php?id=2014
P28-2025,Demak 27,1,https://kursusdaring.kemendikdasmen.go.id/course/view.php?id=2007
P28-2025,LKP GRIYA DINA,1,https://kursusdaring.kemendikdasmen.go.id/course/view.php?id=1998
P28-2025,Demak 35,1,https://kursusdaring.kemendikdasmen.go.id/course/view.php?id=2015
P28-2025,Demak 16,1,https://kursusdaring.kemendikdasmen.go.id/course/view.php?id=1996
P28-2025,Demak 17,1,https://kursusdaring.kemendikdasmen.go.id/course/view.php?id=1997
P28-2025,DEMAK,1,https://kursusdaring.kemendikdasmen.go.id/course/view.php?id=1875
P28-2025,Demak 02,1,https://kursusdaring.kemendikdasmen.go.id/course/view.php?id=1982
P28-2025,LKP BELLA SKILL CENTRE-TATA BUSANA,1,https://kursusdaring.kemendikdasmen.go.id/course/view.php?id=1983
P28-2025,Demak 04,1,https://kursusdaring.kemendikdasmen.go.id/course/view.php?id=1984
P28-2025,LKP BELVA - Tata Busana,1,https://kursusdaring.kemendikdasmen.go.id/course/view.php?id=1985
P28-2025,LKP ARA-Tata Busana,1,https://kursusdaring.kemendikdasmen.go.id/course/view.php?id=1986
P28-2025,LKP SUGENG ELEKTRONIK,1,https://kursusdaring.kemendikdasmen.go.id/course/view.php?id=1987
P28-2025,LKP DIMY MOTOR - Otomotif,1,https://kursusdaring.kemendikdasmen.go.id/course/view.php?id=1981
P28-2025,Demak 09,1,https://kursusdaring.kemendikdasmen.go.id/course/view.php?id=1989
P28-2025,LKP BINA KARYA,1,https://kursusdaring.kemendikdasmen.go.id/course/view.php?id=1990
P28-2025,LKP LINDA MANDIRI,1,https://kursusdaring.kemendikdasmen.go.id/course/view.php?id=1991
P28-2025,LKP AZFIMA,1,https://kursusdaring.kemendikdasmen.go.id/course/view.php?id=1992
P28-2025,LKP BINA SISWA MANDIRI,1,https://kursusdaring.kemendikdasmen.go.id/course/view.php?id=1993
P28-2025,LKP Komunitas,1,https://kursusdaring.kemendikdasmen.go.id/course/view.php?id=1994
P28-2025,Demak 15,1,https://kursusdaring.kemendikdasmen.go.id/course/view.php?id=1995
P28-2025,Demak 08,1,https://kursusdaring.kemendikdasmen.go.id/course/view.php?id=1988
P3-2025,Yogyakarta 16,1,https://kursusdaring.kemendikdasmen.go.id/course/view.php?id=1192
P3-2025,Yogyakarta 17,1,https://kursusdaring.kemendikdasmen.go.id/course/view.php?id=1193
P3-2025,Yogyakarta 18,1,https://kursusdaring.kemendikdasmen.go.id/course/view.php?id=1194
P3-2025,Yogyakarta 19,1,https://kursusdaring.kemendikdasmen.go.id/course/view.php?id=1195
P3-2025,Yogyakarta 20,1,https://kursusdaring.kemendikdasmen.go.id/course/view.php?id=1196
P3-2025,Yogyakarta 24,1,https://kursusdaring.kemendikdasmen.go.id/course/view.php?id=1200
P3-2025,Yogyakarta 22,1,https://kursusdaring.kemendikdasmen.go.id/course/view.php?id=1198
P3-2025,Yogyakarta 23,1,https://kursusdaring.kemendikdasmen.go.id/course/view.php?id=1199
P3-2025,Yogyakarta 25,1,https://kursusdaring.kemendikdasmen.go.id/course/view.php?id=1201
P3-2025,Yogyakarta 00,1,https://kursusdaring.kemendikdasmen.go.id/course/view.php?id=1229
P3-2025,Yogyakarta 15,1,https://kursusdaring.kemendikdasmen.go.id/course/view.php?id=1191
P3-2025,Yogyakarta 21,1,https://kursusdaring.kemendikdasmen.go.id/course/view.php?id=1197
P3-2025,Yogyakarta 14,1,https://kursusdaring.kemendikdasmen.go.id/course/view.php?id=1190
P3-2025,Yogyakarta 11,1,https://kursusdaring.kemendikdasmen.go.id/course/view.php?id=1187
P3-2025,Yogyakarta 12,1,https://kursusdaring.kemendikdasmen.go.id/course/view.php?id=1188
P3-2025,Yogyakarta 13,1,https://kursusdaring.kemendikdasmen.go.id/course/view.php?id=1189
P3-2025,Yogyakarta 01,1,https://kursusdaring.kemendikdasmen.go.id/course/view.php?id=1177
P3-2025,Yogyakarta 02,1,https://kursusdaring.kemendikdasmen.go.id/course/view.php?id=1178
P3-2025,Yogyakarta 03,1,https://kursusdaring.kemendikdasmen.go.id/course/view.php?id=1179
P3-2025,Yogyakarta 05,1,https://kursusdaring.kemendikdasmen.go.id/course/view.php?id=1181
P3-2025,Yogyakarta 04,1,https://kursusdaring.kemendikdasmen.go.id/course/view.php?id=1180
P3-2025,Yogyakarta 07,1,https://kursusdaring.kemendikdasmen.go.id/course/view.php?id=1183
P3-2025,Yogyakarta 08,1,https://kursusdaring.kemendikdasmen.go.id/course/view.php?id=1184
P3-2025,Yogyakarta 09,1,https://kursusdaring.kemendikdasmen.go.id/course/view.php?id=1185
P3-2025,Yogyakarta 10,1,https://kursusdaring.kemendikdasmen.go.id/course/view.php?id=1186
P3-2025,Yogyakarta 06,1,https://kursusdaring.kemendikdasmen.go.id/course/view.php?id=1182
P4-2025,Surabaya 19,1,https://kursusdaring.kemendikdasmen.go.id/course/view.php?id=1220
P4-2025,Teknik Membuat Konten Sosmed Menggunakan ChatGPT,1,https://kursusdaring.kemendikdasmen.go.id/course/view.php?id=1217
P4-2025,Surabaya 17,1,https://kursusdaring.kemendikdasmen.go.id/course/view.php?id=1218
P4-2025,Surabaya 18,1,https://kursusdaring.kemendikdasmen.go.id/course/view.php?id=1219
P4-2025,Surabaya 20,1,https://kursusdaring.kemendikdasmen.go.id/course/view.php?id=1221
P4-2025,Surabaya 00,1,https://kursusdaring.kemendikdasmen.go.id/course/view.php?id=1230
P4-2025,Surabaya 22,1,https://kursusdaring.kemendikdasmen.go.id/course/view.php?id=1223
P4-2025,Excel for Professional,1,https://kursusdaring.kemendikdasmen.go.id/course/view.php?id=1224
P4-2025,Surabaya 24,1,https://kursusdaring.kemendikdasmen.go.id/course/view.php?id=1225
P4-2025,Surabaya 25,1,https://kursusdaring.kemendikdasmen.go.id/course/view.php?id=1226
P4-2025,Dasar Photoshop dan Desain,1,https://kursusdaring.kemendikdasmen.go.id/course/view.php?id=1216
P4-2025,MATEATIKA PINTAR,1,https://kursusdaring.kemendikdasmen.go.id/course/view.php?id=1222
P4-2025,Dasar-dasar Hantaran Modern,1,https://kursusdaring.kemendikdasmen.go.id/course/view.php?id=1215
P4-2025,Desain Grafis for Basic,1,https://kursusdaring.kemendikdasmen.go.id/course/view.php?id=1211
P4-2025,DESAIN GRAFIS,1,https://kursusdaring.kemendikdasmen.go.id/course/view.php?id=1213
P4-2025,Dasar Komputer,1,https://kursusdaring.kemendikdasmen.go.id/course/view.php?id=1202
P4-2025,Dasar-Dasar Merangkai Bunga,1,https://kursusdaring.kemendikdasmen.go.id/course/view.php?id=1203
P4-2025,Arva School of Fashion,1,https://kursusdaring.kemendikdasmen.go.id/course/view.php?id=1204
P4-2025,LKP Saraswati,1,https://kursusdaring.kemendikdasmen.go.id/course/view.php?id=1205
P4-2025,Surabaya 05,1,https://kursusdaring.kemendikdasmen.go.id/course/view.php?id=1206
P4-2025,Microsoft Office Pemula,1,https://kursusdaring.kemendikdasmen.go.id/course/view.php?id=1214
P4-2025,English for Airlines,1,https://kursusdaring.kemendikdasmen.go.id/course/view.php?id=1208
P4-2025,ACCOUNTING SOFTWARE,1,https://kursusdaring.kemendikdasmen.go.id/course/view.php?id=1209
P4-2025,Ticketing and Reservation,1,https://kursusdaring.kemendikdasmen.go.id/course/view.php?id=1210
P4-2025,Excel basic to advance,1,https://kursusdaring.kemendikdasmen.go.id/course/view.php?id=1212
P4-2025,LKP KAHAFBROTHERS.COM,1,https://kursusdaring.kemendikdasmen.go.id/course/view.php?id=1207
P5-2025,Design Grafis,1,https://kursusdaring.kemendikdasmen.go.id/course/view.php?id=1283
P5-2025,Teknik Bordir dan sulam,1,https://kursusdaring.kemendikdasmen.go.id/course/view.php?id=1284
P5-2025,Tata Busana,1,https://kursusdaring.kemendikdasmen.go.id/course/view.php?id=1285
P5-2025,Digital Marketting,1,https://kursusdaring.kemendikdasmen.go.id/course/view.php?id=1286
P5-2025,Tata Busana,1,https://kursusdaring.kemendikdasmen.go.id/course/view.php?id=1287
P5-2025,Bukittinggi 22,1,https://kursusdaring.kemendikdasmen.go.id/course/view.php?id=1290
P5-2025,Bukittinggi 21,1,https://kursusdaring.kemendikdasmen.go.id/course/view.php?id=1289
P5-2025,Bukittinggi 23,1,https://kursusdaring.kemendikdasmen.go.id/course/view.php?id=1291
P5-2025,Bukittinggi 24,1,https://kursusdaring.kemendikdasmen.go.id/course/view.php?id=1292
P5-2025,Design Grafis level 1,1,https://kursusdaring.kemendikdasmen.go.id/course/view.php?id=1282
P5-2025,Desain Grafis Level Pemula,1,https://kursusdaring.kemendikdasmen.go.id/course/view.php?id=1369
P5-2025,Bukittinggi 20,1,https://kursusdaring.kemendikdasmen.go.id/course/view.php?id=1288
P5-2025,Bukittinggi 25,1,https://kursusdaring.kemendikdasmen.go.id/course/view.php?id=1293
P5-2025,Office Profesional,1,https://kursusdaring.kemendikdasmen.go.id/course/view.php?id=1281
P5-2025,Bukittinggi 11,1,https://kursusdaring.kemendikdasmen.go.id/course/view.php?id=1279
P5-2025,tata busana pola dasar,1,https://kursusdaring.kemendikdasmen.go.id/course/view.php?id=1280
P5-2025,Desain Grafis Muda,1,https://kursusdaring.kemendikdasmen.go.id/course/view.php?id=1269
P5-2025,Aplikasi Perkantoran,1,https://kursusdaring.kemendikdasmen.go.id/course/view.php?id=1270
P5-2025,Pastry and Bakery Untuk Pemula,1,https://kursusdaring.kemendikdasmen.go.id/course/view.php?id=1272
P5-2025,Barista,1,https://kursusdaring.kemendikdasmen.go.id/course/view.php?id=1273
P5-2025,Komputer Aplikasi Perkantoran Level 3,1,https://kursusdaring.kemendikdasmen.go.id/course/view.php?id=1271
P5-2025,Pastry & Bakery,1,https://kursusdaring.kemendikdasmen.go.id/course/view.php?id=1275
P5-2025,Bukittinggi 08,1,https://kursusdaring.kemendikdasmen.go.id/course/view.php?id=1276
P5-2025,LKW Modeste Dolly,1,https://kursusdaring.kemendikdasmen.go.id/course/view.php?id=1277
P5-2025,Elementary English,1,https://kursusdaring.kemendikdasmen.go.id/course/view.php?id=1278
P5-2025,Technology Website,1,https://kursusdaring.kemendikdasmen.go.id/course/view.php?id=1274
P6-2025,Medan 20,1,https://kursusdaring.kemendikdasmen.go.id/course/view.php?id=1313
P6-2025,Medan 17,1,https://kursusdaring.kemendikdasmen.go.id/course/view.php?id=1310
P6-2025,Medan 18,1,https://kursusdaring.kemendikdasmen.go.id/course/view.php?id=1311
P6-2025,Medan 19,1,https://kursusdaring.kemendikdasmen.go.id/course/view.php?id=1312
P6-2025,Kursus Komputer,1,https://kursusdaring.kemendikdasmen.go.id/course/view.php?id=1314
P6-2025,Medan 16,1,https://kursusdaring.kemendikdasmen.go.id/course/view.php?id=1309
P6-2025,Kecerdasan Artifisial,1,https://kursusdaring.kemendikdasmen.go.id/course/view.php?id=1370
P6-2025,LKP DHILLA Tata Kecantikan,1,https://kursusdaring.kemendikdasmen.go.id/course/view.php?id=1316
P6-2025,KURSUS KECANTIKAN LONARI,1,https://kursusdaring.kemendikdasmen.go.id/course/view.php?id=1317
P6-2025,Kursus Kecantikan Rambut LKP Sindi Loken,1,https://kursusdaring.kemendikdasmen.go.id/course/view.php?id=1318
P6-2025,Medan 22,1,https://kursusdaring.kemendikdasmen.go.id/course/view.php?id=1315
P6-2025,Medan 15,1,https://kursusdaring.kemendikdasmen.go.id/course/view.php?id=1308
P6-2025,Tata Rias Pengantin Adat Pakem,1,https://kursusdaring.kemendikdasmen.go.id/course/view.php?id=1297
P6-2025,Medan 13,1,https://kursusdaring.kemendikdasmen.go.id/course/view.php?id=1306
P6-2025,Kursus Kecantiakan LKP Yuliza,1,https://kursusdaring.kemendikdasmen.go.id/course/view.php?id=1294
P6-2025,TATA KECANTIKAN KULIT DAN RAMBUT LKP TRIBIES SMART,1,https://kursusdaring.kemendikdasmen.go.id/course/view.php?id=1295
P6-2025,KURSUS TATA  BUSANA - LKP ISOKU,1,https://kursusdaring.kemendikdasmen.go.id/course/view.php?id=1296
P6-2025,Tata Kecantikan dan SPA,1,https://kursusdaring.kemendikdasmen.go.id/course/view.php?id=1299
P6-2025,LKP NENTI,1,https://kursusdaring.kemendikdasmen.go.id/course/view.php?id=1300
P6-2025,Medan 14,1,https://kursusdaring.kemendikdasmen.go.id/course/view.php?id=1307
P6-2025,Kursus Kecantikan LKP D'Morra,1,https://kursusdaring.kemendikdasmen.go.id/course/view.php?id=1302
P6-2025,TATA BUSANA,1,https://kursusdaring.kemendikdasmen.go.id/course/view.php?id=1303
P6-2025,Medan 11,1,https://kursusdaring.kemendikdasmen.go.id/course/view.php?id=1304
P6-2025,Medan 12,1,https://kursusdaring.kemendikdasmen.go.id/course/view.php?id=1305
P6-2025,TATA BUSANA,1,https://kursusdaring.kemendikdasmen.go.id/course/view.php?id=1301
P7-2025,Banjar 17,1,https://kursusdaring.kemendikdasmen.go.id/course/view.php?id=1335
P7-2025,Banjar 18,1,https://kursusdaring.kemendikdasmen.go.id/course/view.php?id=1336
P7-2025,Banjar 19,1,https://kursusdaring.kemendikdasmen.go.id/course/view.php?id=1337
P7-2025,Banjar 20,1,https://kursusdaring.kemendikdasmen.go.id/course/view.php?id=1338
P7-2025,Akuntansi Jasa,1,https://kursusdaring.kemendikdasmen.go.id/course/view.php?id=1339
P7-2025,Banjar 23,1,https://kursusdaring.kemendikdasmen.go.id/course/view.php?id=1341
P7-2025,Banjar 24,1,https://kursusdaring.kemendikdasmen.go.id/course/view.php?id=1342
P7-2025,tataboga,1,https://kursusdaring.kemendikdasmen.go.id/course/view.php?id=1343
P7-2025,Banjar 00,1,https://kursusdaring.kemendikdasmen.go.id/course/view.php?id=1371
P7-2025,Banjar 16,1,https://kursusdaring.kemendikdasmen.go.id/course/view.php?id=1334
P7-2025,Banjar 22,1,https://kursusdaring.kemendikdasmen.go.id/course/view.php?id=1340
P7-2025,Banjar 15,1,https://kursusdaring.kemendikdasmen.go.id/course/view.php?id=1333
P7-2025,tata boga menjahit,1,https://kursusdaring.kemendikdasmen.go.id/course/view.php?id=1332
P7-2025,Banjar 01,1,https://kursusdaring.kemendikdasmen.go.id/course/view.php?id=1319
P7-2025,LKP MODESTY NIA,1,https://kursusdaring.kemendikdasmen.go.id/course/view.php?id=1331
P7-2025,Komputer,1,https://kursusdaring.kemendikdasmen.go.id/course/view.php?id=1320
P7-2025,Tata Boga Pastry dan Bakery,1,https://kursusdaring.kemendikdasmen.go.id/course/view.php?id=1321
P7-2025,KURSUS KELAS EXCEL,1,https://kursusdaring.kemendikdasmen.go.id/course/view.php?id=1322
P7-2025,Banjar 06,1,https://kursusdaring.kemendikdasmen.go.id/course/view.php?id=1324
P7-2025,KURSUS TATA BOGA DAN BIMBINGAN BELAJAR,1,https://kursusdaring.kemendikdasmen.go.id/course/view.php?id=1323
P7-2025,Banjar 08,1,https://kursusdaring.kemendikdasmen.go.id/course/view.php?id=1326
P7-2025,PUSAT KURSUS MENGEMUDI MOBIL LKP TRIYO,1,https://kursusdaring.kemendikdasmen.go.id/course/view.php?id=1327
P7-2025,LKP Revlina Banjarmasin,1,https://kursusdaring.kemendikdasmen.go.id/course/view.php?id=1328
P7-2025,Tata Kecantikan Rambut,1,https://kursusdaring.kemendikdasmen.go.id/course/view.php?id=1329
P7-2025,Banjar 12,1,https://kursusdaring.kemendikdasmen.go.id/course/view.php?id=1330
P7-2025,TATA RIAS PENGANTIN GAUN PANJANG,1,https://kursusdaring.kemendikdasmen.go.id/course/view.php?id=1325
P8-2025,Pelatihan Microsoft Word,1,https://kursusdaring.kemendikdasmen.go.id/course/view.php?id=1362
P8-2025,kursus bahasa jepang dasar  pemula,1,https://kursusdaring.kemendikdasmen.go.id/course/view.php?id=1359
P8-2025,Mataram 17,1,https://kursusdaring.kemendikdasmen.go.id/course/view.php?id=1360
P8-2025,LKP Kelas Komputer Batukliang,1,https://kursusdaring.kemendikdasmen.go.id/course/view.php?id=1361
P8-2025,Mataram 00,1,https://kursusdaring.kemendikdasmen.go.id/course/view.php?id=1372
P8-2025,Mataram 15,1,https://kursusdaring.kemendikdasmen.go.id/course/view.php?id=1358
P8-2025,Mataram 21,1,https://kursusdaring.kemendikdasmen.go.id/course/view.php?id=1364
P8-2025,-,1,https://kursusdaring.kemendikdasmen.go.id/course/view.php?id=1365
P8-2025,Speak Up 1,1,https://kursusdaring.kemendikdasmen.go.id/course/view.php?id=1366
P8-2025,Microsoft Excel untuk Perkantoran,1,https://kursusdaring.kemendikdasmen.go.id/course/view.php?id=1367
P8-2025,Mataram 25,1,https://kursusdaring.kemendikdasmen.go.id/course/view.php?id=1368
P8-2025,Mataram 20,1,https://kursusdaring.kemendikdasmen.go.id/course/view.php?id=1363
P8-2025,English For Beginner,1,https://kursusdaring.kemendikdasmen.go.id/course/view.php?id=1357
P8-2025,TAMATA PERSADA TRAINING CENTER,1,https://kursusdaring.kemendikdasmen.go.id/course/view.php?id=1350
P8-2025,komputer administrasi perkantoran,1,https://kursusdaring.kemendikdasmen.go.id/course/view.php?id=1355
P8-2025,Mengelola Wisatawan Domestik dan Disabilitas bagi Pemandu Ekowisata,1,https://kursusdaring.kemendikdasmen.go.id/course/view.php?id=1354
P8-2025,Mataram 10,1,https://kursusdaring.kemendikdasmen.go.id/course/view.php?id=1353
P8-2025,Mataram 09,1,https://kursusdaring.kemendikdasmen.go.id/course/view.php?id=1352
P8-2025,Mataram 08,1,https://kursusdaring.kemendikdasmen.go.id/course/view.php?id=1351
P8-2025,Administrasi Perkantoran ALC,1,https://kursusdaring.kemendikdasmen.go.id/course/view.php?id=1349
P8-2025,Mataram 05,1,https://kursusdaring.kemendikdasmen.go.id/course/view.php?id=1348
P8-2025,P4K EVNIKOM MATARAM,1,https://kursusdaring.kemendikdasmen.go.id/course/view.php?id=1347
P8-2025,Junior Terapis SPA,1,https://kursusdaring.kemendikdasmen.go.id/course/view.php?id=1346
P8-2025,Mataram 02,1,https://kursusdaring.kemendikdasmen.go.id/course/view.php?id=1345
P8-2025,Mataram 01,1,https://kursusdaring.kemendikdasmen.go.id/course/view.php?id=1344
P8-2025,LKP WAHANA EDCATION,1,https://kursusdaring.kemendikdasmen.go.id/course/view.php?id=1356
P9-2025,Bali 14,1,https://kursusdaring.kemendikdasmen.go.id/course/view.php?id=1405
P9-2025,Bali 15,1,https://kursusdaring.kemendikdasmen.go.id/course/view.php?id=1406
P9-2025,OTC BALI NUSA DUA,1,https://kursusdaring.kemendikdasmen.go.id/course/view.php?id=1407
P9-2025,Bali 17,1,https://kursusdaring.kemendikdasmen.go.id/course/view.php?id=1408
P9-2025,Bali 23,1,https://kursusdaring.kemendikdasmen.go.id/course/view.php?id=1414
P9-2025,Bali 19,1,https://kursusdaring.kemendikdasmen.go.id/course/view.php?id=1410
P9-2025,DHARMA SANTHI COMPUTER,1,https://kursusdaring.kemendikdasmen.go.id/course/view.php?id=1411
P9-2025,Bantuan Hidup Dasar,2,https://kursusdaring.kemendikdasmen.go.id/course/view.php?id=1412
P9-2025,Bahasa Inggris untuk Pemula di Dunia Perhotelan,1,https://kursusdaring.kemendikdasmen.go.id/course/view.php?id=1413
P9-2025,ENGLISH HOSPITALITY ( BTS),1,https://kursusdaring.kemendikdasmen.go.id/course/view.php?id=1404
P9-2025,Bali 18,1,https://kursusdaring.kemendikdasmen.go.id/course/view.php?id=1409
P9-2025,Lkp Gayatri binar abadi,1,https://kursusdaring.kemendikdasmen.go.id/course/view.php?id=1403
P9-2025,Bali 06,1,https://kursusdaring.kemendikdasmen.go.id/course/view.php?id=1397
P9-2025,Perhotelan Level III Queen,1,https://kursusdaring.kemendikdasmen.go.id/course/view.php?id=1401
P9-2025,PERHOTELAN Jolly roger international,1,https://kursusdaring.kemendikdasmen.go.id/course/view.php?id=1400
P9-2025,TRAINING GENERAL REPAIR & MAINTENANCE AC,1,https://kursusdaring.kemendikdasmen.go.id/course/view.php?id=1399
P9-2025,Bali 07,1,https://kursusdaring.kemendikdasmen.go.id/course/view.php?id=1398
P9-2025,BEC Academy Dalung,1,https://kursusdaring.kemendikdasmen.go.id/course/view.php?id=1396
P9-2025,Pelatihan Body Wrap - Tulip Spa International School,1,https://kursusdaring.kemendikdasmen.go.id/course/view.php?id=1395
P9-2025,Traditional Body Mask LKP Yayasan Bali Citra Internasional,1,https://kursusdaring.kemendikdasmen.go.id/course/view.php?id=1394
P9-2025,Pijat Kaki LKP Bali Saraswati Spa Academy,1,https://kursusdaring.kemendikdasmen.go.id/course/view.php?id=1393
P9-2025,OTC BALI GIANYAR,2,https://kursusdaring.kemendikdasmen.go.id/course/view.php?id=1392
P9-2025,Kecerdasan Artifisial Tingkat Dasar,3,https://kursusdaring.kemendikdasmen.go.id/course/view.php?id=1388
P9-2025,TATA RIAS PENGANTIN BALI - LKP KECANTIKAN ANGGUN,1,https://kursusdaring.kemendikdasmen.go.id/course/view.php?id=1415
P9-2025,Tata Kecantikan Rambut LKP Rama,1,https://kursusdaring.kemendikdasmen.go.id/course/view.php?id=1402
P9-2025,TATA RIAS PENGANTIN BALI - LKP JEGEG BAGUS BALI,1,https://kursusdaring.kemendikdasmen.go.id/course/view.php?id=1416
